{
    "00": "กรอกข้อมูลให้ผมด้วยนะครับ ระบบจะบันทึกชื่อท่านไว้ และจะอ้างอิงจากชื่อที่ลงทะเบียนมาเท่านั้น\n\nhttps://docs.google.com/forms/d/152a-X2cFEm37fABNG-9l91znzOdkjHjTGPRfB4TgLx0/edit?usp=drivesdk",
    "1": "02359498445",
    "2": "02589223432",
    "3": "02360979092",
    "4": "02360979092",
    "9": " 🔯 ตารางเวลาแสกน 🔯\n\n\n  🔥 รอบที่ 1 เวลา 12.00 น.  ⛔\n\n  รอบที่ 2 เวลา 18.00 น.\n\n🔛 รอบที่ 3 เวลา 21.00 น.\n\n  ✨ รอบสุดท้าย เวลา 00.00 น.\n\n\n ⛔ กฎระเบียบประจำห้องมีดังนี้ ⛔ \n\n👮 ห้ามแชร์คอนแทคหรือแชร์เพื่อทำกิจกรรมรับเครดิตฟรีลงในห้องนี้เด็ดขาด\n😎 ถ้าจะสอบถามว่าเพจชัวว์หรือไม่ ให้ท่านแคปรูปภาพเข้ามาสอบถามเท่านั้น\n🙅 ห้ามขอหรือยืมเงินสมาชิกในห้องเด็ดขาดเพราะพวกคุณไม่มีสัจจะแน่นอน ดังนั้นอย่าให้คนอื่นเดือดร้อน\n\n✈ ท่านใดไม่ปฏิบัติตามกฎโทษสถานเดียวคือบินออกจากห้องทันที\n\n\n\n\n\n🔎 สนใจโปรแสกน 918 Scan Win 🔍\n\n           Line ID: vipscanner_win เท่านั้น\n\n        หรือคลิ๊กตามลิ้งนี่เลย\n    http://line.me/ti/p/xWX1CmxrQ0\nhttp://line.me/ti/p/xWX1CmxrQ0\nhttp://line.me/ti/p/xWX1CmxrQ0",
    "99": "🐝🐝🐝🐝🐝🐝🐝🐝🐝🐝🐝🐝🐝🐝\n        \n🎁 Hiallbet สมาชิกใหม่รับโบนัส 50%  🎁\n 👉เพจใหม่ สมัคร-ฝาก-ถอน ผ่านระบบอัตโนมัติ\n🙏 สมัครสมาชิกใหม่วันนี้รับโบนัสทันที 50 %\n 💵 การันตีเรื่องความชัวร์ ฝากไวถอนเร็ว ต้องที่นี่เท่านั้น\n 🐎มีเกมหลากหลายค่ายให้ท่านเลือกเล่น ไม่ว่าจะเป็น 918 Kiss -Joker-Slotxo-ยิงปลา-บาคาร่า-เกมส์กีฬา และอื่นๆอีกมากมายให้ท่านเลือก\n โดยท่านสามารถโยกเครดิตจากเกมภายใต้เพจของผมไปเล่นเกมประเภทไหนก็ได้ด้วยตนเองผ่านหน้าระบบอัตโนมัติ\n\n🐋สนใจสมัครคลิกที่ลิงค์สมัครหน้าเพจได้เลยครับ🐋\n https://www.hiallbet.com/affr=2485\n\n🔎 สนใจโปรแสกน 918 Scan Win 🔍\n           Line ID: vipscanner_win\n \n💮💮💮💮💮💮💮💮💮💮💮💮💮💮💮",
    "Aip": true,
    "Api": false,
    "Lv": true,
    "Nk": true,
    "Nn": true,
    "Owner": {},
    "Respon": false,
    "Respontag": "🐝🐝🐝🐝🐝🐝🐝🐝🐝🐝🐝🐝🐝🐝\n        \n🎁 Hiallbet สมาชิกใหม่รับโบนัส 50%  🎁\n 👉เพจใหม่ สมัคร-ฝาก-ถอน ผ่านระบบอัตโนมัติ\n🙏 สมัครสมาชิกใหม่วันนี้รับโบนัสทันที 50 %\n 💵 การันตีเรื่องความชัวร์ ฝากไวถอนเร็ว ต้องที่นี่เท่านั้น\n 🐎มีเกมหลากหลายค่ายให้ท่านเลือกเล่น ไม่ว่าจะเป็น 918 Kiss -Joker-Slotxo-ยิงปลา-บาคาร่า-เกมส์กีฬา และอื่นๆอีกมากมายให้ท่านเลือก\n โดยท่านสามารถโยกเครดิตจากเกมภายใต้เพจของผมไปเล่นเกมประเภทไหนก็ได้ด้วยตนเองผ่านหน้าระบบอัตโนมัติ\n\n🐋สนใจสมัครคลิกที่ลิงค์สมัครหน้าเพจได้เลยครับ🐋\n https://www.hiallbet.com/affr=2485\n\n🔎 สนใจโปรแสกน 918 Scan Win 🔍\n           Line ID: vipscanner_win\n \n💮💮💮💮💮💮💮💮💮💮💮💮💮💮💮",
    "Wc": false,
    "admin": {},
    "autoAdd": true,
    "autoCancel": {
        "members": 2,
        "on": true
    },
    "autoJoin": true,
    "autoJoinTicket": true,
    "autoLeave": false,
    "autoRead": false,
    "autoadd": true,
    "blacklist": {
        "u702315bdcb5d75a78e120db2c938279f": true,
        "ue9bfa0c6a3e76c53d8c42f2f63ed860e": true
    },
    "bye": "╔══════════════════\n╠ไปแล้วหรอ..ขอบคุณที่มาร่วมทดสอบ\n🐅🐅🐅🐅🐅🐅🐅🐅🐅🐅🐅",
    "cName": "",
    "cNames": "",
    "cancelprotect": false,
    "changeGroupPicture": [],
    "changePictureProfile": false,
    "checkContact": false,
    "checkPost": false,
    "checkSticker": false,
    "clock": false,
    "comment": "🚊🚉 ต้องการติดตั้งบอท 🌠🌠\n\n📍 บอทต้อนรับ\n\n💻 บอทแทค\n\n📲 บอทป้องกันห้องไลน์\n\n💻 บอทโต้ตอบ\n\n📡 บอทกันรัน\n\n🔫 บอท Kicker\n\nสนใจติดต่อ....\n\nvipscanner_win\n\nhttp://line.me/ti/p/xWX1CmxrQ0\nhttp://line.me/ti/p/xWX1CmxrQ0\n\nโทร. 098-9512879\n\nŚẾL₣ВΌŦ BY:\n╔════════════════════┓\n╠ 🔥Hack Scan 🔔Win🔔\n╚════════════════════┛ \n",
    "commentBlack": {},
    "commentOn": false,
    "contact": false,
    "datectMention": true,
    "dblack": false,
    "dblacklist": false,
    "delayMention": false,
    "detectMention": false,
    "eror": "คุณใช้คำสั่งผิด สั่งบอทอีกครั้ง!",
    "gift": false,
    "hi": " 🎁 Hiallbet สมาชิกใหม่รับโบนัส 50%  🎁\n 👉เพจใหม่ สมัคร-ฝาก-ถอน ผ่านระบบอัตโนมัติ\n🙏 สมัครสมาชิกใหม่วันนี้รับโบนัสทันที 50 %\n 💵 การันตีเรื่องความชัวร์ ฝากไวถอนเร็ว ต้องที่นี่เท่านั้น\n 🐎มีเกมหลากหลายค่ายให้ท่านเลือกเล่น ไม่ว่าจะเป็น 918 Kiss -Joker-Slotxo-ยิงปลา-บาคาร่า-เกมส์กีฬา และอื่นๆอีกมากมายให้ท่านเลือก\n โดยท่านสามารถโยกเครดิตจากเกมภายใต้เพจของผมไปเล่นเกมประเภทไหนก็ได้ด้วยตนเองผ่านหน้าระบบอัตโนมัติ\n\n🐋สนใจสมัครคลิกที่ลิงค์สมัครหน้าเพจได้เลยครับ🐋\n https://www.hiallbet.com/affr=2485",
    "invite": {},
    "inviteprotect": true,
    "kick": "          📢📢📢 แจ้งเตือน 🔔🔔🔔\n\n⚡⚡ ผู้ใช้  􀠁􀄶line􏿿 โปรไฟล์นี้ลบสมาชิกในกลุ่ม ⚡⚡",
    "kickMention": false,
    "lang": "JP",
    "leaveRoom": false,
    "likeOn": false,
    "ll": "รอบสุดท้าย 00.00น.หมดเวลา 01.00น.\nรอบต่อไป 12.00น.\nแตกแล้วมาซื้อสแกนด้วยนะ\n\nขอให้ทุกคนโชคดี ร่ำรวย ได้แจ๊คพอตกันทุกคนนะคะ\nสามารถเช็คตารางเวลาสแกน ผ่านระบบอัตโนมัติในห้อง\nโดยพิมพ์เลข 9 ลงในห้องได้เลย\n\n🎁 Hiallbet สมาชิกใหม่รับโบนัส 50%  🎁\n 👉เพจใหม่ สมัคร-ฝาก-ถอน ผ่านระบบอัตโนมัติ\n🙏 สมัครสมาชิกใหม่วันนี้รับโบนัสทันที 50 %\n 💵 การันตีเรื่องความชัวร์ ฝากไวถอนเร็ว ต้องที่นี่เท่านั้น\n 🐎มีเกมหลากหลายค่ายให้ท่านเลือกเล่น ไม่ว่าจะเป็น 918 Kiss -Joker-Slotxo-ยิงปลา-บาคาร่า-เกมส์กีฬา และอื่นๆอีกมากมายให้ท่านเลือก\n โดยท่านสามารถโยกเครดิตจากเกมภายใต้เพจของผมไปเล่นเกมประเภทไหนก็ได้ด้วยตนเองผ่านหน้าระบบอัตโนมัติ\n\n🐋สนใจสมัครคลิกที่ลิงค์สมัครหน้าเพจได้เลยครับ🐋\n https://www.hiallbet.com/affr=2485\n",
    "message": "บัญชีนี้ถูกป้องกันโดย 🔥Hack Scan 🔔Win🔔 ระบบได้บล็อคคุณอัตโนมัติ!",
    "message1": "แอดมารัก หรือ แอดมารัน😊",
    "mimic": {
        "copy": false,
        "status": false,
        "target": {}
    },
    "mm": "รอบ 21.00น.หมดเวลา 22.00น.\nรอบต่อไป 00.00น.\nแตกแล้วมาซื้อสแกนด้วยนะ\n\nขอให้ทุกคนโชคดี ร่ำรวย ได้แจ๊คพอตกันทุกคนนะคะ\nสามารถเช็คตารางเวลาสแกน ผ่านระบบอัตโนมัติในห้อง\nโดยพิมพ์เลข 9 ลงในห้องได้เลย\n\n🎁 Hiallbet สมาชิกใหม่รับโบนัส 50%  🎁\n 👉เพจใหม่ สมัคร-ฝาก-ถอน ผ่านระบบอัตโนมัติ\n🙏 สมัครสมาชิกใหม่วันนี้รับโบนัสทันที 50 %\n 💵 การันตีเรื่องความชัวร์ ฝากไวถอนเร็ว ต้องที่นี่เท่านั้น\n 🐎มีเกมหลากหลายค่ายให้ท่านเลือกเล่น ไม่ว่าจะเป็น 918 Kiss -Joker-Slotxo-ยิงปลา-บาคาร่า-เกมส์กีฬา และอื่นๆอีกมากมายให้ท่านเลือก\n โดยท่านสามารถโยกเครดิตจากเกมภายใต้เพจของผมไปเล่นเกมประเภทไหนก็ได้ด้วยตนเองผ่านหน้าระบบอัตโนมัติ\n\n🐋สนใจสมัครคลิกที่ลิงค์สมัครหน้าเพจได้เลยครับ🐋\n https://www.hiallbet.com/affr=2485\n",
    "nn": "รอบ 18.00น.หมดเวลา 19.00น.\nรอบต่อไป 21.00น.\nแตกแล้วมาซื้อสแกนด้วยนะ\n\nขอให้ทุกคนโชคดี ร่ำรวย ได้แจ๊คพอตกันทุกคนนะคะ\nสามารถเช็คตารางเวลาสแกน ผ่านระบบอัตโนมัติในห้อง\nโดยพิมพ์เลข 9 ลงในห้องได้เลย\n\n🎁 Hiallbet สมาชิกใหม่รับโบนัส 50%  🎁\n 👉เพจใหม่ สมัคร-ฝาก-ถอน ผ่านระบบอัตโนมัติ\n🙏 สมัครสมาชิกใหม่วันนี้รับโบนัสทันที 50 %\n 💵 การันตีเรื่องความชัวร์ ฝากไวถอนเร็ว ต้องที่นี่เท่านั้น\n 🐎มีเกมหลากหลายค่ายให้ท่านเลือกเล่น ไม่ว่าจะเป็น 918 Kiss -Joker-Slotxo-ยิงปลา-บาคาร่า-เกมส์กีฬา และอื่นๆอีกมากมายให้ท่านเลือก\n โดยท่านสามารถโยกเครดิตจากเกมภายใต้เพจของผมไปเล่นเกมประเภทไหนก็ได้ด้วยตนเองผ่านหน้าระบบอัตโนมัติ\n\n🐋สนใจสมัครคลิกที่ลิงค์สมัครหน้าเพจได้เลยครับ🐋\n https://www.hiallbet.com/affr=2485\n",
    "oo": "ผมไปขี้มาครับ",
    "pname": {},
    "pnharfbot": {},
    "potoMention": true,
    "pro_name": {},
    "protect": false,
    "qrprotect": false,
    "spam": {},
    "timeline": false,
    "unsendMessage": false,
    "userAgent": [
        "Mozilla/5.0 (X11; U; Linux i586; de; rv:5.0) Gecko/20100101 Firefox/5.0",
        "Mozilla/5.0 (X11; U; Linux amd64; rv:5.0) Gecko/20100101 Firefox/5.0 (Debian)",
        "Mozilla/5.0 (X11; U; Linux amd64; en-US; rv:5.0) Gecko/20110619 Firefox/5.0",
        "Mozilla/5.0 (X11; Linux) Gecko Firefox/5.0",
        "Mozilla/5.0 (X11; Linux x86_64; rv:5.0) Gecko/20100101 Firefox/5.0 FirePHP/0.5",
        "Mozilla/5.0 (X11; Linux x86_64; rv:5.0) Gecko/20100101 Firefox/5.0 Firefox/5.0",
        "Mozilla/5.0 (X11; Linux x86_64) Gecko Firefox/5.0",
        "Mozilla/5.0 (X11; Linux ppc; rv:5.0) Gecko/20100101 Firefox/5.0",
        "Mozilla/5.0 (X11; Linux AMD64) Gecko Firefox/5.0",
        "Mozilla/5.0 (X11; FreeBSD amd64; rv:5.0) Gecko/20100101 Firefox/5.0",
        "Mozilla/5.0 (Windows NT 6.2; WOW64; rv:5.0) Gecko/20100101 Firefox/5.0",
        "Mozilla/5.0 (Windows NT 6.1; Win64; x64; rv:5.0) Gecko/20110619 Firefox/5.0",
        "Mozilla/5.0 (Windows NT 6.1; Win64; x64; rv:5.0) Gecko/20100101 Firefox/5.0",
        "Mozilla/5.0 (Windows NT 6.1; rv:6.0) Gecko/20100101 Firefox/5.0",
        "Mozilla/5.0 (Windows NT 6.1.1; rv:5.0) Gecko/20100101 Firefox/5.0",
        "Mozilla/5.0 (Windows NT 5.2; WOW64; rv:5.0) Gecko/20100101 Firefox/5.0",
        "Mozilla/5.0 (Windows NT 5.1; U; rv:5.0) Gecko/20100101 Firefox/5.0",
        "Mozilla/5.0 (Windows NT 5.1; rv:2.0.1) Gecko/20100101 Firefox/5.0",
        "Mozilla/5.0 (Windows NT 5.0; WOW64; rv:5.0) Gecko/20100101 Firefox/5.0",
        "Mozilla/5.0 (Windows NT 5.0; rv:5.0) Gecko/20100101 Firefox/5.0"
    ],
    "vv": "รอบ 12.00น.หมดเวลา 13.00น.\nรอบต่อไป 18.00น.\nแตกแล้วมาซื้อสแกนด้วยนะ\n\nขอให้ทุกคนโชคดี ร่ำรวย ได้แจ๊คพอตกันทุกคนนะคะ\nสามารถเช็คตารางเวลาสแกน ผ่านระบบอัตโนมัติในห้อง\nโดยพิมพ์เลข 9 ลงในห้องได้เลย\n\n🎁 Hiallbet สมาชิกใหม่รับโบนัส 50%  🎁\n 👉เพจใหม่ สมัคร-ฝาก-ถอน ผ่านระบบอัตโนมัติ\n🙏 สมัครสมาชิกใหม่วันนี้รับโบนัสทันที 50 %\n 💵 การันตีเรื่องความชัวร์ ฝากไวถอนเร็ว ต้องที่นี่เท่านั้น\n 🐎มีเกมหลากหลายค่ายให้ท่านเลือกเล่น ไม่ว่าจะเป็น 918 Kiss -Joker-Slotxo-ยิงปลา-บาคาร่า-เกมส์กีฬา และอื่นๆอีกมากมายให้ท่านเลือก\n โดยท่านสามารถโยกเครดิตจากเกมภายใต้เพจของผมไปเล่นเกมประเภทไหนก็ได้ด้วยตนเองผ่านหน้าระบบอัตโนมัติ\n\n🐋สนใจสมัครคลิกที่ลิงค์สมัครหน้าเพจได้เลยครับ🐋\n https://www.hiallbet.com/affr=2485\n",
    "wblack": false,
    "wblacklist": false,
    "welcome": "🐝🐝🐝🐝🐝🐝🐝🐝🐝🐝🐝🐝🐝🐝\n        \n🎁 Hiallbet สมาชิกใหม่รับโบนัส 50%  🎁\n 👉เพจใหม่ สมัคร-ฝาก-ถอน ผ่านระบบอัตโนมัติ\n🙏 สมัครสมาชิกใหม่วันนี้รับโบนัสทันที 50 %\n 💵 การันตีเรื่องความชัวร์ ฝากไวถอนเร็ว ต้องที่นี่เท่านั้น\n 🐎มีเกมหลากหลายค่ายให้ท่านเลือกเล่น ไม่ว่าจะเป็น 918 Kiss -Joker-Slotxo-ยิงปลา-บาคาร่า-เกมส์กีฬา และอื่นๆอีกมากมายให้ท่านเลือก\n โดยท่านสามารถโยกเครดิตจากเกมภายใต้เพจของผมไปเล่นเกมประเภทไหนก็ได้ด้วยตนเองผ่านหน้าระบบอัตโนมัติ\n\n🐋สนใจสมัครคลิกที่ลิงค์สมัครหน้าเพจได้เลยครับ🐋\n https://www.hiallbet.com/affr=2485\n\n🔎 สนใจโปรแสกน 918 Scan Win 🔍\n           Line ID: vipscanner_win\n \n💮💮💮💮💮💮💮💮💮💮💮💮💮💮💮",
    "winvite": false,
    "ww": "🐝🐝🐝🐝🐝🐝🐝🐝🐝🐝🐝🐝🐝🐝\n        \n🎁 Hiallbet สมาชิกใหม่รับโบนัส 50%  🎁\n 👉เพจใหม่ สมัคร-ฝาก-ถอน ผ่านระบบอัตโนมัติ\n🙏 สมัครสมาชิกใหม่วันนี้รับโบนัสทันที 50 %\n 💵 การันตีเรื่องความชัวร์ ฝากไวถอนเร็ว ต้องที่นี่เท่านั้น\n 🐎มีเกมหลากหลายค่ายให้ท่านเลือกเล่น ไม่ว่าจะเป็น 918 Kiss -Joker-Slotxo-ยิงปลา-บาคาร่า-เกมส์กีฬา และอื่นๆอีกมากมายให้ท่านเลือก\n โดยท่านสามารถโยกเครดิตจากเกมภายใต้เพจของผมไปเล่นเกมประเภทไหนก็ได้ด้วยตนเองผ่านหน้าระบบอัตโนมัติ\n\n🐋สนใจสมัครคลิกที่ลิงค์สมัครหน้าเพจได้เลยครับ🐋\n https://www.hiallbet.com/affr=2485\n\n🔎 สนใจโปรแสกน 918 Scan Win 🔍\n           Line ID: vipscanner_win\n \n💮💮💮💮💮💮💮💮💮💮💮💮💮💮💮",
    "คำสั่ง": "╔═══════════════\n╠♥ ✿✿✿ 🔥Hack Scan 🔔Win🔔 ✿✿✿ ♥\n║\n╠══✪〘 คำสั่งบอท 〙✪══\n║\n╠✪〘 ตั้งค่าทั่วไป 〙✪════════\n║\n╠➥ สปีด\n╠➥ ข้อมูลบอท\n╠➥ เทส\n╠➥ ตรวจสอบคำหยาบ\n╠➥ /1,แทค   「เรียกคนทั้งกลุ่ม」\n╠➥ เปิดระบบป้องกัน 「เปิดป้องกันทั้งหมด」\n╠➥ เปิดลิ้ง\n╠➥ ปิดลิ้ง \n╠➥ เปิด/ปิดลิ้ง\n╠➥ #gbc: 「ส่งข้อความทุกกลุ่ม」 \n╠➥ w: 「ตั้งข้อความต้อนรับ」\n╠➥ ex: 「ตั้งข้อความคนออกกลุ่ม」\n╠➥ xx: 「ตั้งข้อความคนเตะสมาชิก」\n╠➥ ww: 「ตั้งข้อความคนแอด」\n╠➥ bye @ 「เตะสมาชิกที่เราแทค」\n╠➥ ข้อมูลกลุ่ม 「ดูข้อมูลกลุ่ม」\n╠➥ สมาชิก 「ดูรายชื่อสมาชิก」\n╠➥ 001-9999: 「บันทึกตามหมายเลข」\n╠➥001-9999 「ดูข้อมูลตามหมายเลข」\n╠➥ ไปๆ 「สั่งบอทออกห้อง」\n╠➥ เวลา,30,ปฏิทิน 「ดูปฏิทิน」\n╠➥ 9  「ดูตารางแสกน」\n║\n╚═〘 Credits By: ©🔥Hack Scan 🔔Win🔔™  〙 ",
    "ตาราง": " 🔯 ตารางเวลาแสกน 🔯\n\n\n  🔥 รอบที่ 1 เวลา 12.00 น.  ⛔\n\n  รอบที่ 2 เวลา 18.00 น.\n\n🔛 รอบที่ 3 เวลา 21.00 น.\n\n  ✨ รอบสุดท้าย เวลา 00.00 น.\n\n\n ⛔ กฎระเบียบประจำห้องมีดังนี้ ⛔ \n\n👮 ห้ามแชร์คอนแทคหรือแชร์เพื่อทำกิจกรรมรับเครดิตฟรีลงในห้องนี้เด็ดขาด\n😎 ถ้าจะสอบถามว่าเพจชัวว์หรือไม่ ให้ท่านแคปรูปภาพเข้ามาสอบถามเท่านั้น\n🙅 ห้ามขอหรือยืมเงินสมาชิกในห้องเด็ดขาดเพราะพวกคุณไม่มีสัจจะแน่นอน ดังนั้นอย่าให้คนอื่นเดือดร้อน\n\n✈ ท่านใดไม่ปฏิบัติตามกฎโทษสถานเดียวคือบินออกจากห้องทันที\n\n\n\n\n\n🔎 สนใจโปรแสกน 918 Scan Win 🔍\n\n           Line ID: vipscanner_win เท่านั้น\n\n        หรือคลิ๊กตามลิ้งนี่เลย\n    http://line.me/ti/p/xWX1CmxrQ0\nhttp://line.me/ti/p/xWX1CmxrQ0\nhttp://line.me/ti/p/xWX1CmxrQ0"
}